<annotation verified="no">
  <folder>TrainSet1</folder>
  <filename>104.jpg</filename>
  <path>/home/br7/Desktop/Frames/TrainSet1/64.png</path>
  <source>
    <database>Unknown</database>
  </source>
  <size>
    <width>1280</width>
    <height>586</height>
    <depth>3</depth>
  </size>
  <segmented>0</segmented>
  <object>
    <name>quaffle</name>
    <pose>Unspecified</pose>
    <truncated>0</truncated>
    <Difficult>0</Difficult>
    <bndbox>
      <xmin>260</xmin>
      <ymin>450</ymin>
      <xmax>434</xmax>
      <ymax>559</ymax>
    </bndbox>
  </object>
</annotation>
