<annotation verified="no">
  <folder>Set1</folder>
  <filename>125.jpg</filename>
  <path>/home/br7/Desktop/Frames/Set1/7254.png</path>
  <source>
    <database>Unknown</database>
  </source>
  <size>
    <width>1280</width>
    <height>586</height>
    <depth>3</depth>
  </size>
  <segmented>0</segmented>
  <object>
    <name>quaffle</name>
    <pose>Unspecified</pose>
    <truncated>0</truncated>
    <Difficult>0</Difficult>
    <bndbox>
      <xmin>541</xmin>
      <ymin>507</ymin>
      <xmax>661</xmax>
      <ymax>563</ymax>
    </bndbox>
  </object>
  <object>
    <name>bludger</name>
    <pose>Unspecified</pose>
    <truncated>0</truncated>
    <Difficult>0</Difficult>
    <bndbox>
      <xmin>292</xmin>
      <ymin>119</ymin>
      <xmax>325</xmax>
      <ymax>157</ymax>
    </bndbox>
  </object>
</annotation>
