<annotation verified="no">
  <folder>TrainSet1</folder>
  <filename>171.jpg</filename>
  <path>/home/br7/Desktop/Frames/TrainSet1/55.png</path>
  <source>
    <database>Unknown</database>
  </source>
  <size>
    <width>1280</width>
    <height>586</height>
    <depth>3</depth>
  </size>
  <segmented>0</segmented>
  <object>
    <name>snitch</name>
    <pose>Unspecified</pose>
    <truncated>0</truncated>
    <Difficult>0</Difficult>
    <bndbox>
      <xmin>624</xmin>
      <ymin>231</ymin>
      <xmax>713</xmax>
      <ymax>323</ymax>
    </bndbox>
  </object>
</annotation>
