<annotation verified="no">
  <folder>TrainSet1</folder>
  <filename>174.jpg</filename>
  <path>/home/br7/Desktop/Frames/TrainSet1/130.png</path>
  <source>
    <database>Unknown</database>
  </source>
  <size>
    <width>1280</width>
    <height>586</height>
    <depth>3</depth>
  </size>
  <segmented>0</segmented>
  <object>
    <name>bludger</name>
    <pose>Unspecified</pose>
    <truncated>0</truncated>
    <Difficult>0</Difficult>
    <bndbox>
      <xmin>269</xmin>
      <ymin>125</ymin>
      <xmax>298</xmax>
      <ymax>158</ymax>
    </bndbox>
  </object>
  <object>
    <name>quaffle</name>
    <pose>Unspecified</pose>
    <truncated>0</truncated>
    <Difficult>0</Difficult>
    <bndbox>
      <xmin>436</xmin>
      <ymin>498</ymin>
      <xmax>557</xmax>
      <ymax>561</ymax>
    </bndbox>
  </object>
</annotation>
