<annotation verified="no">
  <folder>Set1</folder>
  <filename>21.jpg</filename>
  <path>/home/br7/Desktop/Frames/Set1/3176.png</path>
  <source>
    <database>Unknown</database>
  </source>
  <size>
    <width>1280</width>
    <height>586</height>
    <depth>3</depth>
  </size>
  <segmented>0</segmented>
  <object>
    <name>bludger</name>
    <pose>Unspecified</pose>
    <truncated>0</truncated>
    <Difficult>0</Difficult>
    <bndbox>
      <xmin>877</xmin>
      <ymin>292</ymin>
      <xmax>913</xmax>
      <ymax>330</ymax>
    </bndbox>
  </object>
  <object>
    <name>quaffle</name>
    <pose>Unspecified</pose>
    <truncated>0</truncated>
    <Difficult>0</Difficult>
    <bndbox>
      <xmin>637</xmin>
      <ymin>342</ymin>
      <xmax>750</xmax>
      <ymax>444</ymax>
    </bndbox>
  </object>
</annotation>
