<annotation verified="no">
  <folder>Set1</folder>
  <filename>238.jpg</filename>
  <path>/home/br7/Desktop/Frames/Set1/7257.png</path>
  <source>
    <database>Unknown</database>
  </source>
  <size>
    <width>1280</width>
    <height>586</height>
    <depth>3</depth>
  </size>
  <segmented>0</segmented>
  <object>
    <name>bludger</name>
    <pose>Unspecified</pose>
    <truncated>0</truncated>
    <Difficult>0</Difficult>
    <bndbox>
      <xmin>269</xmin>
      <ymin>126</ymin>
      <xmax>301</xmax>
      <ymax>161</ymax>
    </bndbox>
  </object>
  <object>
    <name>quaffle</name>
    <pose>Unspecified</pose>
    <truncated>0</truncated>
    <Difficult>0</Difficult>
    <bndbox>
      <xmin>428</xmin>
      <ymin>494</ymin>
      <xmax>562</xmax>
      <ymax>562</ymax>
    </bndbox>
  </object>
</annotation>
