<annotation verified="no">
  <folder>TrainSet1</folder>
  <filename>244.jpg</filename>
  <path>/home/br7/Desktop/Frames/TrainSet1/20.png</path>
  <source>
    <database>Unknown</database>
  </source>
  <size>
    <width>1280</width>
    <height>586</height>
    <depth>3</depth>
  </size>
  <segmented>0</segmented>
  <object>
    <name>bludger</name>
    <pose>Unspecified</pose>
    <truncated>0</truncated>
    <Difficult>0</Difficult>
    <bndbox>
      <xmin>540</xmin>
      <ymin>201</ymin>
      <xmax>556</xmax>
      <ymax>220</ymax>
    </bndbox>
  </object>
  <object>
    <name>quaffle</name>
    <pose>Unspecified</pose>
    <truncated>0</truncated>
    <Difficult>0</Difficult>
    <bndbox>
      <xmin>823</xmin>
      <ymin>510</ymin>
      <xmax>939</xmax>
      <ymax>564</ymax>
    </bndbox>
  </object>
</annotation>
