<annotation verified="no">
  <folder>Set1</folder>
  <filename>256.jpg</filename>
  <path>/home/br7/Desktop/Frames/Set1/2304.png</path>
  <source>
    <database>Unknown</database>
  </source>
  <size>
    <width>1280</width>
    <height>586</height>
    <depth>3</depth>
  </size>
  <segmented>0</segmented>
  <object>
    <name>bludger</name>
    <pose>Unspecified</pose>
    <truncated>0</truncated>
    <Difficult>0</Difficult>
    <bndbox>
      <xmin>375</xmin>
      <ymin>27</ymin>
      <xmax>480</xmax>
      <ymax>129</ymax>
    </bndbox>
  </object>
  <object>
    <name>bludger</name>
    <pose>Unspecified</pose>
    <truncated>0</truncated>
    <Difficult>0</Difficult>
    <bndbox>
      <xmin>896</xmin>
      <ymin>384</ymin>
      <xmax>980</xmax>
      <ymax>464</ymax>
    </bndbox>
  </object>
  <object>
    <name>quaffle</name>
    <pose>Unspecified</pose>
    <truncated>0</truncated>
    <Difficult>0</Difficult>
    <bndbox>
      <xmin>643</xmin>
      <ymin>342</ymin>
      <xmax>696</xmax>
      <ymax>397</ymax>
    </bndbox>
  </object>
</annotation>
