<annotation verified="no">
  <folder>Set1</folder>
  <filename>27.jpg</filename>
  <path>/home/br7/Desktop/Frames/Set1/4151.png</path>
  <source>
    <database>Unknown</database>
  </source>
  <size>
    <width>1280</width>
    <height>586</height>
    <depth>3</depth>
  </size>
  <segmented>0</segmented>
  <object>
    <name>quaffle</name>
    <pose>Unspecified</pose>
    <truncated>0</truncated>
    <Difficult>0</Difficult>
    <bndbox>
      <xmin>823</xmin>
      <ymin>352</ymin>
      <xmax>918</xmax>
      <ymax>463</ymax>
    </bndbox>
  </object>
  <object>
    <name>bludger</name>
    <pose>Unspecified</pose>
    <truncated>0</truncated>
    <Difficult>0</Difficult>
    <bndbox>
      <xmin>734</xmin>
      <ymin>143</ymin>
      <xmax>753</xmax>
      <ymax>166</ymax>
    </bndbox>
  </object>
</annotation>
