<annotation verified="no">
  <folder>TrainSet1</folder>
  <filename>30.jpg</filename>
  <path>/home/br7/Desktop/Frames/TrainSet1/124.png</path>
  <source>
    <database>Unknown</database>
  </source>
  <size>
    <width>1280</width>
    <height>586</height>
    <depth>3</depth>
  </size>
  <segmented>0</segmented>
  <object>
    <name>bludger</name>
    <pose>Unspecified</pose>
    <truncated>0</truncated>
    <Difficult>0</Difficult>
    <bndbox>
      <xmin>798</xmin>
      <ymin>252</ymin>
      <xmax>818</xmax>
      <ymax>269</ymax>
    </bndbox>
  </object>
  <object>
    <name>quaffle</name>
    <pose>Unspecified</pose>
    <truncated>0</truncated>
    <Difficult>0</Difficult>
    <bndbox>
      <xmin>514</xmin>
      <ymin>417</ymin>
      <xmax>584</xmax>
      <ymax>482</ymax>
    </bndbox>
  </object>
</annotation>
