<annotation verified="no">
  <folder>Set1</folder>
  <filename>32.jpg</filename>
  <path>/home/br7/Desktop/Frames/Set1/4141.png</path>
  <source>
    <database>Unknown</database>
  </source>
  <size>
    <width>1280</width>
    <height>586</height>
    <depth>3</depth>
  </size>
  <segmented>0</segmented>
  <object>
    <name>bludger</name>
    <pose>Unspecified</pose>
    <truncated>0</truncated>
    <Difficult>0</Difficult>
    <bndbox>
      <xmin>781</xmin>
      <ymin>179</ymin>
      <xmax>809</xmax>
      <ymax>210</ymax>
    </bndbox>
  </object>
  <object>
    <name>quaffle</name>
    <pose>Unspecified</pose>
    <truncated>0</truncated>
    <Difficult>0</Difficult>
    <bndbox>
      <xmin>794</xmin>
      <ymin>418</ymin>
      <xmax>897</xmax>
      <ymax>532</ymax>
    </bndbox>
  </object>
</annotation>
