<annotation verified="no">
  <folder>TrainSet2</folder>
  <filename>62.jpg</filename>
  <path>/home/br7/Desktop/Frames/TrainSet2/264.png</path>
  <source>
    <database>Unknown</database>
  </source>
  <size>
    <width>1280</width>
    <height>716</height>
    <depth>3</depth>
  </size>
  <segmented>0</segmented>
  <object>
    <name>snitch</name>
    <pose>Unspecified</pose>
    <truncated>0</truncated>
    <Difficult>0</Difficult>
    <bndbox>
      <xmin>587</xmin>
      <ymin>338</ymin>
      <xmax>607</xmax>
      <ymax>362</ymax>
    </bndbox>
  </object>
</annotation>
