<annotation verified="no">
  <folder>Set3</folder>
  <filename>75.jpg</filename>
  <path>/home/br7/Desktop/Frames/Set3/131.png</path>
  <source>
    <database>Unknown</database>
  </source>
  <size>
    <width>1920</width>
    <height>1080</height>
    <depth>3</depth>
  </size>
  <segmented>0</segmented>
  <object>
    <name>bludger</name>
    <pose>Unspecified</pose>
    <truncated>0</truncated>
    <Difficult>0</Difficult>
    <bndbox>
      <xmin>761</xmin>
      <ymin>272</ymin>
      <xmax>916</xmax>
      <ymax>435</ymax>
    </bndbox>
  </object>
</annotation>
